step,total_agents,evacuated,moving,blocked,panic,avg_stress,evacuation_rate
1,25,0,25,0,0,0.0,0.0
2,25,0,25,0,0,0.0,0.0
3,25,0,25,0,0,0.0,0.0
4,25,0,25,0,0,0.0,0.0
5,25,0,25,0,0,0.0,0.0
6,25,0,25,0,0,0.0,0.0
7,25,0,25,0,0,0.0,0.0
8,25,0,24,1,0,0.0,0.0
9,25,0,24,1,0,0.0,0.0
10,25,0,24,1,0,0.0,0.0
11,25,0,23,2,0,0.0,0.0
12,25,0,21,4,0,0.0,0.0
13,25,0,21,4,0,0.0,0.0
14,25,0,18,7,0,0.0,0.0
15,25,0,14,11,0,0.0,0.0
16,25,0,13,12,0,0.0,0.0
17,25,0,12,13,0,0.0,0.0
18,25,0,11,14,0,0.0,0.0
19,25,0,11,14,0,0.0,0.0
20,25,0,12,13,0,0.0,0.0
21,25,0,15,10,0,0.0,0.0
22,25,1,16,8,0,0.0,0.04
23,25,1,16,8,0,0.0,0.04
24,25,1,16,8,0,0.0,0.04
25,25,1,17,7,0,0.0,0.04
26,25,1,18,6,0,0.0,0.04
27,25,1,18,6,0,0.0,0.04
28,25,1,17,7,0,0.0,0.04
29,25,1,16,8,0,0.0,0.04
30,25,1,15,9,0,0.0,0.04
31,25,1,13,11,0,0.0,0.04
32,25,1,15,9,0,0.0,0.04
33,25,1,17,7,0,0.0,0.04
34,25,1,16,8,0,0.0,0.04
35,25,1,15,9,0,0.0,0.04
36,25,1,13,11,0,0.0,0.04
37,25,1,11,13,0,0.0,0.04
38,25,1,11,13,0,0.0,0.04
39,25,1,10,14,0,0.0,0.04
40,25,1,9,15,0,0.0,0.04
41,25,1,8,16,0,0.0,0.04
42,25,1,7,17,0,0.0,0.04
43,25,1,6,18,0,0.0,0.04
44,25,1,5,19,0,0.0,0.04
45,25,1,4,20,0,0.0,0.04
46,25,1,2,22,0,0.0,0.04
47,25,1,1,23,0,0.0,0.04
48,25,1,0,24,0,0.0,0.04
49,25,1,0,24,0,0.0,0.04
50,25,1,0,24,0,0.0,0.04
51,25,1,0,24,0,0.0,0.04
52,25,1,0,24,0,0.0,0.04
53,25,1,0,24,0,0.0,0.04
54,25,1,0,24,0,0.0,0.04
55,25,1,0,24,0,0.0,0.04
56,25,1,0,24,0,0.0,0.04
57,25,1,0,24,0,0.0,0.04
58,25,1,0,24,0,0.0,0.04
59,25,1,0,24,0,0.0,0.04
60,25,1,0,24,0,0.0,0.04
61,25,1,0,24,0,0.0,0.04
62,25,1,0,24,0,0.0,0.04
63,25,1,0,24,0,0.0,0.04
64,25,1,0,24,0,0.0,0.04
65,25,1,0,24,0,0.0,0.04
66,25,1,0,24,0,0.0,0.04
67,25,1,0,24,0,0.0,0.04
68,25,1,0,24,0,0.0,0.04
69,25,1,0,24,0,0.0,0.04
70,25,1,0,24,0,0.0,0.04
71,25,1,0,24,0,0.0,0.04
72,25,1,0,24,0,0.0,0.04
73,25,1,0,24,0,0.0,0.04
74,25,1,0,24,0,0.0,0.04
75,25,1,0,24,0,0.0,0.04
76,25,1,0,24,0,0.0,0.04
77,25,1,0,24,0,0.0,0.04
78,25,1,0,24,0,0.0,0.04
79,25,1,0,24,0,0.0,0.04
80,25,1,0,24,0,0.0,0.04
81,25,1,0,24,0,0.0,0.04
82,25,1,0,24,0,0.0,0.04
83,25,1,0,24,0,0.0,0.04
84,25,1,0,24,0,0.0,0.04
85,25,1,0,24,0,0.0,0.04
86,25,1,0,24,0,0.0,0.04
87,25,1,0,24,0,0.0,0.04
88,25,1,0,24,0,0.0,0.04
89,25,1,0,24,0,0.0,0.04
90,25,1,0,24,0,0.0,0.04
91,25,1,0,24,0,0.0,0.04
92,25,1,0,24,0,0.0,0.04
93,25,1,0,24,0,0.0,0.04
94,25,1,0,24,0,0.0,0.04
95,25,1,0,24,0,0.0,0.04
96,25,1,0,24,0,0.0,0.04
97,25,1,0,24,0,0.0,0.04
98,25,1,0,24,0,0.0,0.04
99,25,1,0,24,0,0.0,0.04
100,25,1,0,24,0,0.0,0.04
101,25,1,0,24,0,0.0,0.04
102,25,1,0,24,0,0.0,0.04
103,25,1,0,24,0,0.0,0.04
104,25,1,0,24,0,0.0,0.04
105,25,1,0,24,0,0.0,0.04
106,25,1,0,24,0,0.0,0.04
107,25,1,0,24,0,0.0,0.04
108,25,1,0,24,0,0.0,0.04
109,25,1,0,24,0,0.0,0.04
110,25,1,0,24,0,0.0,0.04
111,25,1,0,24,0,0.0,0.04
112,25,1,0,24,0,0.0,0.04
113,25,1,0,24,0,0.0,0.04
114,25,1,0,24,0,0.0,0.04
115,25,1,0,24,0,0.0,0.04
116,25,1,0,24,0,0.0,0.04
117,25,1,0,24,0,0.0,0.04
118,25,1,0,24,0,0.0,0.04
119,25,1,0,24,0,0.0,0.04
120,25,1,0,24,0,0.0,0.04
121,25,1,0,24,0,0.0,0.04
122,25,1,0,24,0,0.0,0.04
123,25,1,0,24,0,0.0,0.04
124,25,1,0,24,0,0.0,0.04
125,25,1,0,24,0,0.0,0.04
126,25,1,0,24,0,0.0,0.04
127,25,1,0,24,0,0.0,0.04
128,25,1,0,24,0,0.0,0.04
129,25,1,0,24,0,0.0,0.04
130,25,1,0,24,0,0.0,0.04
131,25,1,0,24,0,0.0,0.04
132,25,1,0,24,0,0.0,0.04
133,25,1,0,24,0,0.0,0.04
134,25,1,0,24,0,0.0,0.04
135,25,1,0,24,0,0.0,0.04
136,25,1,0,24,0,0.0,0.04
137,25,1,0,24,0,0.0,0.04
138,25,1,0,24,0,0.0,0.04
139,25,1,0,24,0,0.0,0.04
140,25,1,0,24,0,0.0,0.04
141,25,1,0,24,0,0.0,0.04
142,25,1,0,24,0,0.0,0.04
143,25,1,0,24,0,0.0,0.04
144,25,1,0,24,0,0.0,0.04
145,25,1,0,24,0,0.0,0.04
146,25,1,0,24,0,0.0,0.04
147,25,1,0,24,0,0.0,0.04
148,25,1,0,24,0,0.0,0.04
149,25,1,0,24,0,0.0,0.04
150,25,1,0,24,0,0.0,0.04
151,25,1,0,24,0,0.0,0.04
152,25,1,0,24,0,0.0,0.04
153,25,1,0,24,0,0.0,0.04
154,25,1,0,24,0,0.0,0.04
155,25,1,0,24,0,0.0,0.04
156,25,1,0,24,0,0.0,0.04
157,25,1,0,24,0,0.0,0.04
158,25,1,0,24,0,0.0,0.04
159,25,1,0,24,0,0.0,0.04
160,25,1,0,24,0,0.0,0.04
161,25,1,0,24,0,0.0,0.04
162,25,1,0,24,0,0.0,0.04
163,25,1,0,24,0,0.0,0.04
164,25,1,0,24,0,0.0,0.04
165,25,1,0,24,0,0.0,0.04
166,25,1,0,24,0,0.0,0.04
167,25,1,0,24,0,0.0,0.04
168,25,1,0,24,0,0.0,0.04
169,25,1,0,24,0,0.0,0.04
170,25,1,0,24,0,0.0,0.04
171,25,1,0,24,0,0.0,0.04
172,25,1,0,24,0,0.0,0.04
173,25,1,0,24,0,0.0,0.04
174,25,1,0,24,0,0.0,0.04
175,25,1,0,24,0,0.0,0.04
176,25,1,0,24,0,0.0,0.04
177,25,1,0,24,0,0.0,0.04
178,25,1,0,24,0,0.0,0.04
179,25,1,0,24,0,0.0,0.04
180,25,1,0,24,0,0.0,0.04
181,25,1,0,24,0,0.0,0.04
182,25,1,0,24,0,0.0,0.04
183,25,1,0,24,0,0.0,0.04
184,25,1,0,24,0,0.0,0.04
185,25,1,0,24,0,0.0,0.04
186,25,1,0,24,0,0.0,0.04
187,25,1,0,24,0,0.0,0.04
188,25,1,0,24,0,0.0,0.04
189,25,1,0,24,0,0.0,0.04
190,25,1,0,24,0,0.0,0.04
191,25,1,0,24,0,0.0,0.04
192,25,1,0,24,0,0.0,0.04
193,25,1,0,24,0,0.0,0.04
194,25,1,0,24,0,0.0,0.04
195,25,1,0,24,0,0.0,0.04
196,25,1,0,24,0,0.0,0.04
197,25,1,0,24,0,0.0,0.04
198,25,1,0,24,0,0.0,0.04
199,25,1,0,24,0,0.0,0.04
200,25,1,0,24,0,0.0,0.04
201,25,1,0,24,0,0.0,0.04
202,25,1,0,24,0,0.0,0.04
203,25,1,0,24,0,0.0,0.04
204,25,1,0,24,0,0.0,0.04
205,25,1,0,24,0,0.0,0.04
206,25,1,0,24,0,0.0,0.04
207,25,1,0,24,0,0.0,0.04
208,25,1,0,24,0,0.0,0.04
209,25,1,0,24,0,0.0,0.04
210,25,1,0,24,0,0.0,0.04
211,25,1,0,24,0,0.0,0.04
212,25,1,0,24,0,0.0,0.04
213,25,1,0,24,0,0.0,0.04
214,25,1,0,24,0,0.0,0.04
215,25,1,0,24,0,0.0,0.04
216,25,1,0,24,0,0.0,0.04
217,25,1,0,24,0,0.0,0.04
218,25,1,0,24,0,0.0,0.04
219,25,1,0,24,0,0.0,0.04
220,25,1,0,24,0,0.0,0.04
221,25,1,0,24,0,0.0,0.04
222,25,1,0,24,0,0.0,0.04
223,25,1,0,24,0,0.0,0.04
224,25,1,0,24,0,0.0,0.04
225,25,1,0,24,0,0.0,0.04
226,25,1,0,24,0,0.0,0.04
227,25,1,0,24,0,0.0,0.04
228,25,1,0,24,0,0.0,0.04
229,25,1,0,24,0,0.0,0.04
230,25,1,0,24,0,0.0,0.04
231,25,1,0,24,0,0.0,0.04
232,25,1,0,24,0,0.0,0.04
233,25,1,0,24,0,0.0,0.04
234,25,1,0,24,0,0.0,0.04
235,25,1,0,24,0,0.0,0.04
236,25,1,0,24,0,0.0,0.04
237,25,1,0,24,0,0.0,0.04
238,25,1,0,24,0,0.0,0.04
239,25,1,0,24,0,0.0,0.04
240,25,1,0,24,0,0.0,0.04
241,25,1,0,24,0,0.0,0.04
242,25,1,0,24,0,0.0,0.04
243,25,1,0,24,0,0.0,0.04
244,25,1,0,24,0,0.0,0.04
245,25,1,0,24,0,0.0,0.04
246,25,1,0,24,0,0.0,0.04
247,25,1,0,24,0,0.0,0.04
248,25,1,0,24,0,0.0,0.04
249,25,1,0,24,0,0.0,0.04
250,25,1,0,24,0,0.0,0.04
251,25,1,0,24,0,0.0,0.04
252,25,1,0,24,0,0.0,0.04
253,25,1,0,24,0,0.0,0.04
254,25,1,0,24,0,0.0,0.04
255,25,1,0,24,0,0.0,0.04
256,25,1,0,24,0,0.0,0.04
257,25,1,0,24,0,0.0,0.04
258,25,1,0,24,0,0.0,0.04
259,25,1,0,24,0,0.0,0.04
260,25,1,0,24,0,0.0,0.04
261,25,1,0,24,0,0.0,0.04
262,25,1,0,24,0,0.0,0.04
263,25,1,0,24,0,0.0,0.04
264,25,1,0,24,0,0.0,0.04
265,25,1,0,24,0,0.0,0.04
266,25,1,0,24,0,0.0,0.04
267,25,1,0,24,0,0.0,0.04
268,25,1,0,24,0,0.0,0.04
269,25,1,0,24,0,0.0,0.04
270,25,1,0,24,0,0.0,0.04
271,25,1,0,24,0,0.0,0.04
272,25,1,0,24,0,0.0,0.04
273,25,1,0,24,0,0.0,0.04
274,25,1,0,24,0,0.0,0.04
275,25,1,0,24,0,0.0,0.04
276,25,1,0,24,0,0.0,0.04
277,25,1,0,24,0,0.0,0.04
278,25,1,0,24,0,0.0,0.04
279,25,1,0,24,0,0.0,0.04
280,25,1,0,24,0,0.0,0.04
281,25,1,0,24,0,0.0,0.04
282,25,1,0,24,0,0.0,0.04
283,25,1,0,24,0,0.0,0.04
284,25,1,0,24,0,0.0,0.04
285,25,1,0,24,0,0.0,0.04
286,25,1,0,24,0,0.0,0.04
287,25,1,0,24,0,0.0,0.04
288,25,1,0,24,0,0.0,0.04
289,25,1,0,24,0,0.0,0.04
290,25,1,0,24,0,0.0,0.04
291,25,1,0,24,0,0.0,0.04
292,25,1,0,24,0,0.0,0.04
293,25,1,0,24,0,0.0,0.04
294,25,1,0,24,0,0.0,0.04
295,25,1,0,24,0,0.0,0.04
296,25,1,0,24,0,0.0,0.04
297,25,1,0,24,0,0.0,0.04
298,25,1,0,24,0,0.0,0.04
299,25,1,0,24,0,0.0,0.04
300,25,1,0,24,0,0.0,0.04
301,25,1,0,24,0,0.0,0.04
302,25,1,0,24,0,0.0,0.04
303,25,1,0,24,0,0.0,0.04
304,25,1,0,24,0,0.0,0.04
305,25,1,0,24,0,0.0,0.04
306,25,1,0,24,0,0.0,0.04
307,25,1,0,24,0,0.0,0.04
308,25,1,0,24,0,0.0,0.04
309,25,1,0,24,0,0.0,0.04
310,25,1,0,24,0,0.0,0.04
311,25,1,0,24,0,0.0,0.04
312,25,1,0,24,0,0.0,0.04
313,25,1,0,24,0,0.0,0.04
314,25,1,0,24,0,0.0,0.04
315,25,1,0,24,0,0.0,0.04
316,25,1,0,24,0,0.0,0.04
317,25,1,0,24,0,0.0,0.04
318,25,1,0,24,0,0.0,0.04
319,25,1,0,24,0,0.0,0.04
320,25,1,0,24,0,0.0,0.04
321,25,1,0,24,0,0.0,0.04
322,25,1,0,24,0,0.0,0.04
323,25,1,0,24,0,0.0,0.04
324,25,1,0,24,0,0.0,0.04
325,25,1,0,24,0,0.0,0.04
326,25,1,0,24,0,0.0,0.04
327,25,1,0,24,0,0.0,0.04
328,25,1,0,24,0,0.0,0.04
329,25,1,0,24,0,0.0,0.04
330,25,1,0,24,0,0.0,0.04
331,25,1,0,24,0,0.0,0.04
332,25,1,0,24,0,0.0,0.04
333,25,1,0,24,0,0.0,0.04
334,25,1,0,24,0,0.0,0.04
335,25,1,0,24,0,0.0,0.04
336,25,1,0,24,0,0.0,0.04
337,25,1,0,24,0,0.0,0.04
338,25,1,0,24,0,0.0,0.04
339,25,1,0,24,0,0.0,0.04
340,25,1,0,24,0,0.0,0.04
341,25,1,0,24,0,0.0,0.04
342,25,1,0,24,0,0.0,0.04
343,25,1,0,24,0,0.0,0.04
344,25,1,0,24,0,0.0,0.04
345,25,1,0,24,0,0.0,0.04
346,25,1,0,24,0,0.0,0.04
347,25,1,0,24,0,0.0,0.04
348,25,1,0,24,0,0.0,0.04
349,25,1,0,24,0,0.0,0.04
350,25,1,0,24,0,0.0,0.04
351,25,1,0,24,0,0.0,0.04
352,25,1,0,24,0,0.0,0.04
353,25,1,0,24,0,0.0,0.04
354,25,1,0,24,0,0.0,0.04
355,25,1,0,24,0,0.0,0.04
356,25,1,0,24,0,0.0,0.04
357,25,1,0,24,0,0.0,0.04
358,25,1,0,24,0,0.0,0.04
359,25,1,0,24,0,0.0,0.04
360,25,1,0,24,0,0.0,0.04
361,25,1,0,24,0,0.0,0.04
362,25,1,0,24,0,0.0,0.04
363,25,1,0,24,0,0.0,0.04
364,25,1,0,24,0,0.0,0.04
365,25,1,0,24,0,0.0,0.04
366,25,1,0,24,0,0.0,0.04
367,25,1,0,24,0,0.0,0.04
368,25,1,0,24,0,0.0,0.04
369,25,1,0,24,0,0.0,0.04
370,25,1,0,24,0,0.0,0.04
371,25,1,0,24,0,0.0,0.04
372,25,1,0,24,0,0.0,0.04
373,25,1,0,24,0,0.0,0.04
374,25,1,0,24,0,0.0,0.04
375,25,1,0,24,0,0.0,0.04
376,25,1,0,24,0,0.0,0.04
377,25,1,0,24,0,0.0,0.04
378,25,1,0,24,0,0.0,0.04
379,25,1,0,24,0,0.0,0.04
380,25,1,0,24,0,0.0,0.04
381,25,1,0,24,0,0.0,0.04
382,25,1,0,24,0,0.0,0.04
383,25,1,0,24,0,0.0,0.04
384,25,1,0,24,0,0.0,0.04
385,25,1,0,24,0,0.0,0.04
386,25,1,0,24,0,0.0,0.04
387,25,1,0,24,0,0.0,0.04
388,25,1,0,24,0,0.0,0.04
389,25,1,0,24,0,0.0,0.04
390,25,1,0,24,0,0.0,0.04
391,25,1,0,24,0,0.0,0.04
392,25,1,0,24,0,0.0,0.04
393,25,1,0,24,0,0.0,0.04
394,25,1,0,24,0,0.0,0.04
395,25,1,0,24,0,0.0,0.04
396,25,1,0,24,0,0.0,0.04
397,25,1,0,24,0,0.0,0.04
398,25,1,0,24,0,0.0,0.04
399,25,1,0,24,0,0.0,0.04
400,25,1,0,24,0,0.0,0.04
401,25,1,0,24,0,0.0,0.04
402,25,1,0,24,0,0.0,0.04
403,25,1,0,24,0,0.0,0.04
404,25,1,0,24,0,0.0,0.04
405,25,1,0,24,0,0.0,0.04
406,25,1,0,24,0,0.0,0.04
407,25,1,0,24,0,0.0,0.04
408,25,1,0,24,0,0.0,0.04
409,25,1,0,24,0,0.0,0.04
410,25,1,0,24,0,0.0,0.04
411,25,1,0,24,0,0.0,0.04
412,25,1,0,24,0,0.0,0.04
413,25,1,0,24,0,0.0,0.04
414,25,1,0,24,0,0.0,0.04
415,25,1,0,24,0,0.0,0.04
416,25,1,0,24,0,0.0,0.04
417,25,1,0,24,0,0.0,0.04
418,25,1,0,24,0,0.0,0.04
419,25,1,0,24,0,0.0,0.04
420,25,1,0,24,0,0.0,0.04
421,25,1,0,24,0,0.0,0.04
422,25,1,0,24,0,0.0,0.04
423,25,1,0,24,0,0.0,0.04
424,25,1,0,24,0,0.0,0.04
425,25,1,0,24,0,0.0,0.04
426,25,1,0,24,0,0.0,0.04
427,25,1,0,24,0,0.0,0.04
428,25,1,0,24,0,0.0,0.04
429,25,1,0,24,0,0.0,0.04
430,25,1,0,24,0,0.0,0.04
431,25,1,0,24,0,0.0,0.04
432,25,1,0,24,0,0.0,0.04
433,25,1,0,24,0,0.0,0.04
434,25,1,0,24,0,0.0,0.04
435,25,1,0,24,0,0.0,0.04
436,25,1,0,24,0,0.0,0.04
437,25,1,0,24,0,0.0,0.04
438,25,1,0,24,0,0.0,0.04
439,25,1,0,24,0,0.0,0.04
440,25,1,0,24,0,0.0,0.04
441,25,1,0,24,0,0.0,0.04
442,25,1,0,24,0,0.0,0.04
443,25,1,0,24,0,0.0,0.04
444,25,1,0,24,0,0.0,0.04
445,25,1,0,24,0,0.0,0.04
446,25,1,0,24,0,0.0,0.04
447,25,1,0,24,0,0.0,0.04
448,25,1,0,24,0,0.0,0.04
449,25,1,0,24,0,0.0,0.04
450,25,1,0,24,0,0.0,0.04
451,25,1,0,24,0,0.0,0.04
452,25,1,0,24,0,0.0,0.04
453,25,1,0,24,0,0.0,0.04
454,25,1,0,24,0,0.0,0.04
455,25,1,0,24,0,0.0,0.04
456,25,1,0,24,0,0.0,0.04
457,25,1,0,24,0,0.0,0.04
458,25,1,0,24,0,0.0,0.04
459,25,1,0,24,0,0.0,0.04
460,25,1,0,24,0,0.0,0.04
461,25,1,0,24,0,0.0,0.04
462,25,1,0,24,0,0.0,0.04
463,25,1,0,24,0,0.0,0.04
464,25,1,0,24,0,0.0,0.04
465,25,1,0,24,0,0.0,0.04
466,25,1,0,24,0,0.0,0.04
467,25,1,0,24,0,0.0,0.04
468,25,1,0,24,0,0.0,0.04
469,25,1,0,24,0,0.0,0.04
470,25,1,0,24,0,0.0,0.04
471,25,1,0,24,0,0.0,0.04
472,25,1,0,24,0,0.0,0.04
473,25,1,0,24,0,0.0,0.04
474,25,1,0,24,0,0.0,0.04
475,25,1,0,24,0,0.0,0.04
476,25,1,0,24,0,0.0,0.04
477,25,1,0,24,0,0.0,0.04
478,25,1,0,24,0,0.0,0.04
479,25,1,0,24,0,0.0,0.04
480,25,1,0,24,0,0.0,0.04
481,25,1,0,24,0,0.0,0.04
482,25,1,0,24,0,0.0,0.04
483,25,1,0,24,0,0.0,0.04
484,25,1,0,24,0,0.0,0.04
485,25,1,0,24,0,0.0,0.04
486,25,1,0,24,0,0.0,0.04
487,25,1,0,24,0,0.0,0.04
488,25,1,0,24,0,0.0,0.04
489,25,1,0,24,0,0.0,0.04
490,25,1,0,24,0,0.0,0.04
491,25,1,0,24,0,0.0,0.04
492,25,1,0,24,0,0.0,0.04
493,25,1,0,24,0,0.0,0.04
494,25,1,0,24,0,0.0,0.04
495,25,1,0,24,0,0.0,0.04
496,25,1,0,24,0,0.0,0.04
497,25,1,0,24,0,0.0,0.04
498,25,1,0,24,0,0.0,0.04
499,25,1,0,24,0,0.0,0.04
500,25,1,0,24,0,0.0,0.04
